"readmitted","n","p"
"<30",2316,0.115794210289486
">30",6959,0.347932603369832
"NO",10726,0.536273186340683
